<?xml version="1.0" encoding="UTF-8"?>
<project-private xmlns="http://www.netbeans.org/ns/project-private/1">
    <editor-bookmarks xmlns="http://www.netbeans.org/ns/editor-bookmarks/2" lastBookmarkId="0"/>
    <open-files xmlns="http://www.netbeans.org/ns/projectui-open-files/2">
        <group>
            <file>file:/C:/Users/YUSUF/Desktop/Emlak/src/Otomasyon/YoneticiPanel.java</file>
            <file>file:/C:/Users/YUSUF/Desktop/Emlak/src/Otomasyon/İlanEkleForm.java</file>
            <file>file:/C:/Users/YUSUF/Desktop/Emlak/src/Otomasyon/Gecmisİlanlar.java</file>
            <file>file:/C:/Users/YUSUF/Desktop/Emlak/src/Otomasyon/İlanListesi.java</file>
            <file>file:/C:/Users/YUSUF/Desktop/Emlak/src/Otomasyon/BekleyenMusteriler.java</file>
            <file>file:/C:/Users/YUSUF/Desktop/Emlak/src/Otomasyon/İlanKapatma.java</file>
        </group>
    </open-files>
</project-private>
